ticker,company_name,exchange,sector,is_financial,is_constituent,market_cap,market_cap_source,last_price,shares_outstanding,latest_sec_filing_type,latest_sec_filing_date,market_data_date,sec_data_date,eligibility_status,exclusion_reason,data_source,collected_at
MSFT,Microsoft Corporation Common Stock,NASDAQ,Technology,False,True,2859427370611.0,provided,384.93,7428434704,10-Q,2026-04-29,2026-07-15,2026-04-29,ineligible,Already a constituent of Nasdaq-100,Nasdaq(official_nasdaq_api)/SEC/yfinance,2026-07-15T01:43:02.730111Z
ODFL,"Old Dominion Freight Line, Inc. Common Stock",NASDAQ,Industrials,False,True,47543629177.0,provided,228.61,207968283,10-Q,2026-05-06,2026-07-15,2026-05-06,ineligible,Already a constituent of Nasdaq-100,Nasdaq(official_nasdaq_api)/SEC/yfinance,2026-07-15T01:43:02.730111Z
AGNCO,"AGNC Investment Corp. Depositary Shares, each representing a 1/1,000th interest in a share of 6.50% Series E Fixed-to-Floating Cumulative Redeemable Preferred Stock",NASDAQ,Real Estate,False,False,29094267399.0,provided,25.345,1147929272,10-Q,2026-05-04,2026-07-15,2026-05-04,eligible,,Nasdaq(official_nasdaq_api)/SEC/yfinance,2026-07-15T01:43:02.730111Z
TLN,Talen Energy Corporation Common Stock,NASDAQ,Utilities,False,False,19011783699.0,provided,396.95,47795005,10-Q,2026-05-05,2026-07-15,2026-05-05,eligible,,Nasdaq(official_nasdaq_api)/SEC/yfinance,2026-07-15T01:43:02.730111Z
NVDA,NVIDIA Corporation Common Stock,NASDAQ,Technology,False,True,5125560000000.0,provided,211.8,24221000000,10-Q,2026-05-20,2026-07-15,2026-05-20,ineligible,Already a constituent of Nasdaq-100,Nasdaq(official_nasdaq_api)/SEC/yfinance,2026-07-15T01:43:02.730111Z
ADI,"Analog Devices, Inc. Common Stock",NASDAQ,Technology,False,True,191303434960.0,provided,392.75,487087040,10-Q,2026-05-20,2026-07-15,2026-05-20,ineligible,Already a constituent of Nasdaq-100,Nasdaq(official_nasdaq_api)/SEC/yfinance,2026-07-15T01:43:02.730111Z
VTRS,Viatris Inc. Common Stock,NASDAQ,Healthcare,False,False,18993853787.0,provided,16.31,1164552654,10-Q,2026-05-07,2026-07-15,2026-05-07,eligible,,Nasdaq(official_nasdaq_api)/SEC/yfinance,2026-07-15T01:43:02.730111Z
HST,"Host Hotels & Resorts, Inc. Common Stock",NASDAQ,Real Estate,False,False,16012477590.0,provided,23.38,684879281,10-Q,2026-05-08,2026-07-15,2026-05-08,eligible,,Nasdaq(official_nasdaq_api)/SEC/yfinance,2026-07-15T01:43:02.730111Z
AEP,"American Electric Power Company, Inc. Common Stock",NASDAQ,Utilities,False,True,73421533018.0,provided,134.94,544105032,10-Q,2026-05-05,2026-07-15,2026-05-05,ineligible,Already a constituent of Nasdaq-100,Nasdaq(official_nasdaq_api)/SEC/yfinance,2026-07-15T01:43:02.730111Z
NDSN,Nordson Corporation Common Stock,NASDAQ,Industrials,False,False,15981579025.0,provided,286.83,55717948,10-Q,2026-05-21,2026-07-15,2026-05-21,eligible,,Nasdaq(official_nasdaq_api)/SEC/yfinance,2026-07-15T01:43:02.730111Z
NTRS,Northern Trust Corporation Common Stock,NASDAQ,Financial Services,True,False,34537220233.0,provided,186.64,185047258,10-Q,2026-04-30,2026-07-15,2026-04-30,ineligible,Belongs to Financial sector,Nasdaq(official_nasdaq_api)/SEC/yfinance,2026-07-15T01:43:02.730111Z
STRK,Strategy Inc 8.00% Series A Perpetual Strike Preferred Stock,NASDAQ,Technology,False,False,21373815713.0,provided,60.99,350447871,10-Q,2026-05-06,2026-07-15,2026-05-06,eligible,,Nasdaq(official_nasdaq_api)/SEC/yfinance,2026-07-15T01:43:02.730111Z
BPYPM,"Brookfield Property Partners L.P. 6.25% Class A Cumulative Redeemable Preferred Units, Series 1",NASDAQ,Financial Services,True,False,18340738886.0,provided,15.77,1163014514,6-K,2026-06-22,2026-07-15,2026-02-27,ineligible,Belongs to Financial sector,Nasdaq(official_nasdaq_api)/SEC/yfinance,2026-07-15T01:43:02.730111Z
FWONK,Liberty Media Corporation Series C Liberty Formula One Common Stock,NASDAQ,Communication Services,False,False,25278597766.0,provided,100.87,224233462,10-Q,2026-05-07,2026-07-15,2026-05-07,eligible,,Nasdaq(official_nasdaq_api)/SEC/yfinance,2026-07-15T01:43:02.730111Z
CDW,CDW Corporation Common Stock,NASDAQ,Technology,False,False,17806276000.0,provided,139.38,127753451,10-Q,2026-05-06,2026-07-15,2026-05-06,eligible,,Nasdaq(official_nasdaq_api)/SEC/yfinance,2026-07-15T01:43:02.730111Z
TIGO,Millicom International Cellular S.A. Common Stock,NASDAQ,Communication Services,False,False,16445807775.0,provided,98.16,167541444,4,2026-07-06,2026-07-15,2026-03-24,eligible,,Nasdaq(official_nasdaq_api)/SEC/yfinance,2026-07-15T01:43:02.730111Z
FTNT,"Fortinet, Inc. Common Stock",NASDAQ,Technology,False,True,122227731071.0,provided,166.83,732648391,10-Q,2026-05-08,2026-07-15,2026-05-08,ineligible,Already a constituent of Nasdaq-100,Nasdaq(official_nasdaq_api)/SEC/yfinance,2026-07-15T01:43:02.730111Z
AGNCP,"AGNC Investment Corp. Depositary Shares Each Representing a 1/1,000th Interest in a Share of 6.125% Series F Fixed-to-Floating Rate Cumulative Redeemable Preferred Stock",NASDAQ,Real Estate,False,False,28778586849.0,provided,25.07,1147929272,10-Q,2026-05-04,2026-07-15,2026-05-04,eligible,,Nasdaq(official_nasdaq_api)/SEC/yfinance,2026-07-15T01:43:02.730111Z
FOXA,Fox Corporation Class A Common Stock,NASDAQ,Communication Services,False,False,23055623104.0,provided,54.87,199474449,10-Q,2026-05-11,2026-07-15,2019-03-18,eligible,,Nasdaq(official_nasdaq_api)/SEC/yfinance,2026-07-15T01:43:02.730111Z
TTWO,"Take-Two Interactive Software, Inc. Common Stock",NASDAQ,Communication Services,False,True,44010425798.0,provided,237.04,185666663,10-K,2026-05-22,2026-07-15,2026-05-22,ineligible,Already a constituent of Nasdaq-100,Nasdaq(official_nasdaq_api)/SEC/yfinance,2026-07-15T01:43:02.730111Z
VRSN,"VeriSign, Inc. Common Stock",NASDAQ,Technology,False,False,24465350000.0,provided,268.85,91000000,10-Q,2026-04-23,2026-07-15,2026-04-23,eligible,,Nasdaq(official_nasdaq_api)/SEC/yfinance,2026-07-15T01:43:02.730111Z
ROST,"Ross Stores, Inc. Common Stock",NASDAQ,Consumer Cyclical,False,True,70870163121.0,provided,220.93,320781076,10-Q,2026-06-02,2026-07-15,2026-06-02,ineligible,Already a constituent of Nasdaq-100,Nasdaq(official_nasdaq_api)/SEC/yfinance,2026-07-15T01:43:02.730111Z
GOOG,Alphabet Inc. Class C Capital Stock,NASDAQ,Communication Services,False,True,4329410280000.0,provided,357.33,5499638298,10-Q,2026-04-30,2026-07-15,2026-04-30,ineligible,Already a constituent of Nasdaq-100,Nasdaq(official_nasdaq_api)/SEC/yfinance,2026-07-15T01:43:02.730111Z
CG,The Carlyle Group Inc. Common Stock,NASDAQ,Financial Services,True,False,16371636940.0,provided,45.48,359974427,10-Q,2026-05-08,2026-07-15,2026-05-08,ineligible,Belongs to Financial sector,Nasdaq(official_nasdaq_api)/SEC/yfinance,2026-07-15T01:43:02.730111Z
BSP,Bending Spoons S.p.A. Ordinary Shares,NASDAQ,Technology,False,False,21890094200.0,provided,32.5,324978625,SCHEDULE 13G,2026-07-09,2026-07-15,2026-07-09,eligible,,Nasdaq(official_nasdaq_api)/SEC/yfinance,2026-07-15T01:43:02.730111Z
AMAT,"Applied Materials, Inc. Common Stock",NASDAQ,Technology,False,True,472961632451.0,provided,595.7,793959430,10-Q,2026-05-21,2026-07-15,2026-05-21,ineligible,Already a constituent of Nasdaq-100,Nasdaq(official_nasdaq_api)/SEC/yfinance,2026-07-15T01:43:02.730111Z
NXPI,NXP Semiconductors N.V. Common Stock,NASDAQ,Technology,False,True,71668965196.0,provided,283.87,252471079,10-Q,2026-04-28,2026-07-15,2026-04-28,ineligible,Already a constituent of Nasdaq-100,Nasdaq(official_nasdaq_api)/SEC/yfinance,2026-07-15T01:43:02.730111Z
HON,Honeywell International Inc. Common Stock,NASDAQ,Industrials,False,True,70550938381.0,provided,222.68,316826559,10-Q,2026-04-23,2026-07-15,2026-04-23,ineligible,Already a constituent of Nasdaq-100,Nasdaq(official_nasdaq_api)/SEC/yfinance,2026-07-15T01:43:02.730111Z
BDRX,Biodexa Pharmaceuticals plc American Depositary Shs,NASDAQ,Healthcare,False,False,16936779124.0,provided,2.27,904066,6-K,2026-07-09,2026-07-15,2026-03-27,eligible,,Nasdaq(official_nasdaq_api)/SEC/yfinance,2026-07-15T01:43:02.730111Z
SNY,Sanofi ADS,NASDAQ,Healthcare,False,False,105309724011.0,provided,43.18,2393769026,6-K,2026-07-07,2026-07-15,2026-02-17,eligible,,Nasdaq(official_nasdaq_api)/SEC/yfinance,2026-07-15T01:43:02.730111Z
COIN,"Coinbase Global, Inc. Class A Common Stock",NASDAQ,Financial Services,True,False,42540894911.0,provided,161.5,222426875,10-Q,2026-05-07,2026-07-15,2026-05-07,ineligible,Belongs to Financial sector,Nasdaq(official_nasdaq_api)/SEC/yfinance,2026-07-15T01:43:02.730111Z
IDXX,"IDEXX Laboratories, Inc. Common Stock",NASDAQ,Healthcare,False,True,42650458818.0,provided,540.68,78882997,10-Q,2026-05-05,2026-07-15,2026-05-05,ineligible,Already a constituent of Nasdaq-100,Nasdaq(official_nasdaq_api)/SEC/yfinance,2026-07-15T01:43:02.730111Z
STRD,Strategy Inc 10.00% Series A Perpetual Stride Preferred Stock,NASDAQ,Technology,False,False,21188078341.0,provided,60.46,11764700,10-Q,2026-05-06,2026-07-15,2026-05-06,eligible,,Nasdaq(official_nasdaq_api)/SEC/yfinance,2026-07-15T01:43:02.730111Z
QNT,Quantinuum Inc. Class A Common Stock,NASDAQ,Technology,False,False,17388480206.0,provided,66.63,31362895,SCHEDULE 13G,2026-07-06,2026-07-15,2026-07-06,eligible,,Nasdaq(official_nasdaq_api)/SEC/yfinance,2026-07-15T01:43:02.730111Z
MDLZ,"Mondelez International, Inc. Class A Common Stock",NASDAQ,Consumer Defensive,False,True,75478606241.0,provided,58.8,1283649766,10-Q,2026-04-28,2026-07-15,2026-04-28,ineligible,Already a constituent of Nasdaq-100,Nasdaq(official_nasdaq_api)/SEC/yfinance,2026-07-15T01:43:02.730111Z
FER,Ferrovial N.V. Ordinary Shares,NASDAQ,Industrials,False,True,45843847957.0,provided,63.72,715636287,6-K,2026-06-30,2026-07-15,2026-02-25,ineligible,Already a constituent of Nasdaq-100,Nasdaq(official_nasdaq_api)/SEC/yfinance,2026-07-15T01:43:02.730111Z
WDAY,"Workday, Inc. Class A Common Stock",NASDAQ,Technology,False,True,34533070000.0,provided,139.81,201000000,10-Q,2026-05-22,2026-07-15,2018-12-03,ineligible,Already a constituent of Nasdaq-100,Nasdaq(official_nasdaq_api)/SEC/yfinance,2026-07-15T01:43:02.730111Z
MCHP,Microchip Technology Incorporated Common Stock,NASDAQ,Technology,False,True,47301459111.0,provided,87.11,543008370,10-K,2026-05-21,2026-07-15,2026-05-21,ineligible,Already a constituent of Nasdaq-100,Nasdaq(official_nasdaq_api)/SEC/yfinance,2026-07-15T01:43:02.730111Z
CRDO,Credo Technology Group Holding Ltd Ordinary Shares,NASDAQ,Technology,False,False,44042349950.0,provided,236.18,186477898,10-K,2026-06-15,2026-07-15,2026-06-15,eligible,,Nasdaq(official_nasdaq_api)/SEC/yfinance,2026-07-15T01:43:02.730111Z
ACGL,Arch Capital Group Ltd. Common Stock,NASDAQ,Financial Services,True,False,35473524870.0,provided,101.53,349389588,10-Q,2026-05-05,2026-07-15,2026-05-05,ineligible,Belongs to Financial sector,Nasdaq(official_nasdaq_api)/SEC/yfinance,2026-07-15T01:43:02.730111Z
FWONA,Liberty Media Corporation Series A Liberty Formula One Common Stock,NASDAQ,Communication Services,False,False,23090809935.0,provided,92.14,23991058,10-Q,2026-05-07,2026-07-15,2026-05-07,eligible,,Nasdaq(official_nasdaq_api)/SEC/yfinance,2026-07-15T01:43:02.730111Z
NBIX,"Neurocrine Biosciences, Inc. Common Stock",NASDAQ,Healthcare,False,False,17298619075.0,provided,172.04,100549983,10-Q,2026-05-05,2026-07-15,2026-05-05,eligible,,Nasdaq(official_nasdaq_api)/SEC/yfinance,2026-07-15T01:43:02.730111Z
BRKRP,"Bruker Corporation 6.375% Mandatory Convertible Preferred Stock, Series A",NASDAQ,Healthcare,False,False,68362608890.0,provided,441.09,151719365,10-Q,2026-05-07,2026-07-15,2025-08-06,eligible,,Nasdaq(official_nasdaq_api)/SEC/yfinance,2026-07-15T01:43:02.730111Z
WDC,Western Digital Corporation Common Stock,NASDAQ,Technology,False,True,194166338035.0,provided,563.32,344682131,10-Q,2026-05-01,2026-07-15,2026-05-01,ineligible,Already a constituent of Nasdaq-100,Nasdaq(official_nasdaq_api)/SEC/yfinance,2026-07-15T01:43:02.730111Z
GOOGN,Alphabet Inc. Depositary Shares representing a 1/20th Interest in a Share of Series B Mandatory Convertible Preferred Stock,NASDAQ,,unknown,False,609071320000.0,provided,50.27,12116000000,10-Q,2026-04-30,2026-07-15,2026-04-30,unknown,Sector classification unknown,Nasdaq(official_nasdaq_api)/SEC/yfinance,2026-07-15T01:43:02.730111Z
KMB,Kimberly-Clark Corporation Common Stock,NASDAQ,Consumer Defensive,False,False,35457868935.0,provided,106.82,331940357,10-Q,2026-04-28,2026-07-15,2026-04-28,eligible,,Nasdaq(official_nasdaq_api)/SEC/yfinance,2026-07-15T01:43:02.730111Z
SOFI,"SoFi Technologies, Inc. Common Stock",NASDAQ,Financial Services,True,False,23794849260.0,provided,18.55,1282741200,10-Q,2026-05-07,2026-07-15,2026-05-07,ineligible,Belongs to Financial sector,Nasdaq(official_nasdaq_api)/SEC/yfinance,2026-07-15T01:43:02.730111Z
EA,Electronic Arts Inc. Common Stock,NASDAQ,Communication Services,False,True,51817794169.0,provided,206.65,250751484,10-K,2026-05-11,2026-07-15,2026-05-11,ineligible,Already a constituent of Nasdaq-100,Nasdaq(official_nasdaq_api)/SEC/yfinance,2026-07-15T01:43:02.730111Z
AMKR,"Amkor Technology, Inc. Common Stock",NASDAQ,Technology,False,False,17400650764.0,provided,70.2,247872518,10-Q,2026-04-28,2026-07-15,2026-04-28,eligible,,Nasdaq(official_nasdaq_api)/SEC/yfinance,2026-07-15T01:43:02.730111Z
WTW,Willis Towers Watson Public Limited Company Ordinary Shares,NASDAQ,Financial Services,True,False,27270908590.0,provided,288.74,94447976,10-Q,2026-04-30,2026-07-15,2026-04-30,ineligible,Belongs to Financial sector,Nasdaq(official_nasdaq_api)/SEC/yfinance,2026-07-15T01:43:02.730111Z
ROP,"Roper Technologies, Inc. Common Stock",NASDAQ,Technology,False,True,34983002497.0,provided,346.65,100917359,10-Q,2026-05-01,2026-07-15,2026-05-01,ineligible,Already a constituent of Nasdaq-100,Nasdaq(official_nasdaq_api)/SEC/yfinance,2026-07-15T01:43:02.730111Z
DDOG,"Datadog, Inc. Class A Common Stock",NASDAQ,Technology,False,True,96369101968.0,provided,270.73,330825798,10-Q,2026-05-07,2026-07-15,2026-05-07,ineligible,Already a constituent of Nasdaq-100,Nasdaq(official_nasdaq_api)/SEC/yfinance,2026-07-15T01:43:02.730111Z
MRVL,"Marvell Technology, Inc. Common Stock",NASDAQ,Technology,False,True,194805483132.0,provided,222.44,875766423,10-Q,2026-05-28,2026-07-15,2026-05-28,ineligible,Already a constituent of Nasdaq-100,Nasdaq(official_nasdaq_api)/SEC/yfinance,2026-07-15T01:43:02.730111Z
ON,ON Semiconductor Corporation Common Stock,NASDAQ,Technology,False,False,36733086092.0,provided,93.73,389185602,10-Q,2026-05-04,2026-07-15,2026-05-04,eligible,,Nasdaq(official_nasdaq_api)/SEC/yfinance,2026-07-15T01:43:02.730111Z
CRWV,"CoreWeave, Inc. Class A Common Stock",NASDAQ,Technology,False,True,43612893459.0,provided,79.94,447573939,10-Q,2026-05-08,2026-07-15,2026-05-08,ineligible,Already a constituent of Nasdaq-100,Nasdaq(official_nasdaq_api)/SEC/yfinance,2026-07-15T01:43:02.730111Z
AGNCZ,"AGNC Investment Corp. Depositary Shares Each Representing a 1/1,000th Interest in a Share of 8.75% Series H Fixed-Rate Cumulative Redeemable Preferred Stock",NASDAQ,Real Estate,False,False,28950776240.0,provided,25.22,1147929272,10-Q,2026-05-04,2026-07-15,2026-05-04,eligible,,Nasdaq(official_nasdaq_api)/SEC/yfinance,2026-07-15T01:43:02.730111Z
TSCO,Tractor Supply Company Common Stock,NASDAQ,Consumer Cyclical,False,False,16021935769.0,provided,30.55,524449616,10-Q,2026-05-07,2026-07-15,2026-05-07,eligible,,Nasdaq(official_nasdaq_api)/SEC/yfinance,2026-07-15T01:43:02.730111Z
KDP,Keurig Dr Pepper Inc. Common Stock,NASDAQ,Consumer Defensive,False,True,41170529592.0,provided,30.26,1360559471,10-Q,2026-04-23,2026-07-15,2026-04-23,ineligible,Already a constituent of Nasdaq-100,Nasdaq(official_nasdaq_api)/SEC/yfinance,2026-07-15T01:43:02.730111Z
AFRM,"Affirm Holdings, Inc. Class A Common Stock",NASDAQ,Financial Services,True,False,28282183814.0,provided,84.45,294357801,10-Q,2026-05-07,2026-07-15,2026-05-07,ineligible,Belongs to Financial sector,Nasdaq(official_nasdaq_api)/SEC/yfinance,2026-07-15T01:43:02.730111Z
AGNCL,"AGNC Investment Corp. Depositary Shares Each Representing a 1/1,000th Interest in a Share of 7.75% Series G Fixed-Rate Reset Cumulative Redeemable Preferred Stock",NASDAQ,Real Estate,False,False,28526042409.0,provided,24.85,1147929272,10-Q,2026-05-04,2026-07-15,2026-05-04,eligible,,Nasdaq(official_nasdaq_api)/SEC/yfinance,2026-07-15T01:43:02.730111Z
FCNCA,"First Citizens BancShares, Inc. Class A Common Stock",NASDAQ,Financial Services,True,False,23895237132.0,provided,2062.25,10581789,10-Q,2026-05-08,2026-07-15,2026-05-08,ineligible,Belongs to Financial sector,Nasdaq(official_nasdaq_api)/SEC/yfinance,2026-07-15T01:43:02.730111Z
MKSI,MKS Inc. Common Stock,NASDAQ,Technology,False,False,24209842157.0,provided,358.43,67544129,10-Q,2026-05-07,2026-07-15,2026-05-07,eligible,,Nasdaq(official_nasdaq_api)/SEC/yfinance,2026-07-15T01:43:02.730111Z
DLTR,Dollar Tree Inc. Common Stock,NASDAQ,Consumer Defensive,False,False,23937266681.0,provided,124.56,192174588,10-Q,2026-05-28,2026-07-15,2026-05-28,eligible,,Nasdaq(official_nasdaq_api)/SEC/yfinance,2026-07-15T01:43:02.730111Z
GOOGM,Alphabet Inc. Depositary Shares representing a 1/20th Interest in a Share of Series A Mandatory Convertible Preferred Stock,NASDAQ,,unknown,False,611373360000.0,provided,50.46,12116000000,10-Q,2026-04-30,2026-07-15,2026-04-30,unknown,Sector classification unknown,Nasdaq(official_nasdaq_api)/SEC/yfinance,2026-07-15T01:43:02.730111Z
CRWD,"CrowdStrike Holdings, Inc. Class A Common Stock",NASDAQ,Technology,False,True,214577778074.0,provided,210.73,1018259280,10-Q,2026-06-04,2026-07-15,2026-06-04,ineligible,Already a constituent of Nasdaq-100,Nasdaq(official_nasdaq_api)/SEC/yfinance,2026-07-15T01:43:02.730111Z
ROKU,"Roku, Inc. Class A Common Stock",NASDAQ,Communication Services,False,False,20921449010.0,provided,141.76,131950102,10-Q,2026-05-01,2026-07-15,2026-05-01,eligible,,Nasdaq(official_nasdaq_api)/SEC/yfinance,2026-07-15T01:43:02.730111Z
SHOP,Shopify Inc. Class A Subordinate Voting Shares,NASDAQ,Technology,False,True,162857529622.0,provided,125.68,1219581025,10-Q,2026-05-05,2026-07-15,2026-05-05,ineligible,Already a constituent of Nasdaq-100,Nasdaq(official_nasdaq_api)/SEC/yfinance,2026-07-15T01:43:02.730111Z
CBRS,Cerebras Systems Inc. Class A Common Stock,NASDAQ,Technology,False,False,45419174060.0,provided,203.81,92130188,10-Q,2026-06-24,2026-07-15,2026-06-24,eligible,,Nasdaq(official_nasdaq_api)/SEC/yfinance,2026-07-15T01:43:02.730111Z
MELI,"MercadoLibre, Inc. Common Stock",NASDAQ,Consumer Cyclical,False,True,95000435406.0,provided,1873.88,50697182,10-Q,2026-05-08,2026-07-15,2026-05-08,ineligible,Already a constituent of Nasdaq-100,Nasdaq(official_nasdaq_api)/SEC/yfinance,2026-07-15T01:43:02.730111Z
PFG,Principal Financial Group Inc Common Stock,NASDAQ,Financial Services,True,False,24392118401.0,provided,112.92,216012384,10-Q,2026-04-29,2026-07-15,2026-04-29,ineligible,Belongs to Financial sector,Nasdaq(official_nasdaq_api)/SEC/yfinance,2026-07-15T01:43:02.730111Z
CTSH,Cognizant Technology Solutions Corporation Class A Common Stock,NASDAQ,Technology,False,False,20390603251.0,provided,43.03,473000000,10-Q,2026-04-29,2026-07-15,2026-04-29,eligible,,Nasdaq(official_nasdaq_api)/SEC/yfinance,2026-07-15T01:43:02.730111Z
WMT,Walmart Inc. Common Stock,NASDAQ,Consumer Defensive,False,True,904833599924.0,provided,113.7,7958079155,10-Q,2026-05-29,2026-07-15,2026-05-29,ineligible,Already a constituent of Nasdaq-100,Nasdaq(official_nasdaq_api)/SEC/yfinance,2026-07-15T01:43:02.730111Z
DASH,"DoorDash, Inc. Class A Common Stock",NASDAQ,Consumer Cyclical,False,True,81823618804.0,provided,187.79,411336610,10-Q,2026-05-06,2026-07-15,2026-05-06,ineligible,Already a constituent of Nasdaq-100,Nasdaq(official_nasdaq_api)/SEC/yfinance,2026-07-15T01:43:02.730111Z
ECHO,EchoStar  Corporation Common Stock,NASDAQ,Communication Services,False,False,27387374616.0,provided,94.5,158465020,10-Q,2026-05-11,2026-07-15,2026-05-11,eligible,,Nasdaq(official_nasdaq_api)/SEC/yfinance,2026-07-15T01:43:02.730111Z
HONA,Honeywell Aerospace Inc. Common Stock,NASDAQ,Industrials,False,True,65768167523.0,provided,207.51,316939750,EFFECT,2026-07-13,2026-07-15,2026-07-13,ineligible,Already a constituent of Nasdaq-100,Nasdaq(official_nasdaq_api)/SEC/yfinance,2026-07-15T01:43:02.730111Z
HBAN,Huntington Bancshares Incorporated Common Stock,NASDAQ,Financial Services,True,False,36184280978.0,provided,17.85,2027130587,10-Q,2026-04-30,2026-07-15,2026-04-30,ineligible,Belongs to Financial sector,Nasdaq(official_nasdaq_api)/SEC/yfinance,2026-07-15T01:43:02.730111Z
ARXS,"Arxis, Inc. Class A Common Stock",NASDAQ,Industrials,False,False,17644393519.0,provided,43.0,69657950,10-Q,2026-05-28,2026-07-15,2026-05-28,eligible,,Nasdaq(official_nasdaq_api)/SEC/yfinance,2026-07-15T01:43:02.730111Z
FLEX,Flex Ltd. Ordinary Shares,NASDAQ,Technology,False,False,48451354621.0,provided,132.24,366389554,10-K,2026-05-20,2026-07-15,2026-05-20,eligible,,Nasdaq(official_nasdaq_api)/SEC/yfinance,2026-07-15T01:43:02.730111Z
PAYX,"Paychex, Inc. Common Stock",NASDAQ,Technology,False,True,39240017287.0,provided,109.52,355600000,10-Q,2026-03-26,2026-07-15,2026-03-26,ineligible,Already a constituent of Nasdaq-100,Nasdaq(official_nasdaq_api)/SEC/yfinance,2026-07-15T01:43:02.730111Z
MCHPP,Microchip Technology Incorporated Depositary Shares Each Representing a 1/20th Interest in a Share of 7.50% Series A Mandatory Convertible Preferred Stock,NASDAQ,Technology,False,False,39959985948.0,provided,73.59,542079281,10-K,2026-05-21,2026-07-15,2026-05-21,eligible,,Nasdaq(official_nasdaq_api)/SEC/yfinance,2026-07-15T01:43:02.730111Z
SITM,SiTime Corporation Common Stock,NASDAQ,Technology,False,False,18687151418.0,provided,623.83,29955519,10-Q,2026-05-07,2026-07-15,2026-05-07,eligible,,Nasdaq(official_nasdaq_api)/SEC/yfinance,2026-07-15T01:43:02.730111Z
PLTR,Palantir Technologies Inc. Class A Common Stock,NASDAQ,Technology,False,True,320568557564.0,provided,133.72,2296071334,10-Q,2026-05-05,2026-07-15,2026-05-05,ineligible,Already a constituent of Nasdaq-100,Nasdaq(official_nasdaq_api)/SEC/yfinance,2026-07-15T01:43:02.730111Z
RYAAY,Ryanair Holdings plc American Depositary Shares,NASDAQ,Industrials,False,False,33831570295.0,provided,64.29,519337542,6-K,2026-07-13,2026-07-15,2026-06-22,eligible,,Nasdaq(official_nasdaq_api)/SEC/yfinance,2026-07-15T01:43:02.730111Z
HBANP,Huntington Bancshares Incorporated Depositary Shares 4.500% Series H Non-Cumulative Perpetual Preferred Stock,NASDAQ,Financial Services,True,False,32880058121.0,provided,16.22,2027130587,10-Q,2026-04-30,2026-07-15,2026-04-30,ineligible,Belongs to Financial sector,Nasdaq(official_nasdaq_api)/SEC/yfinance,2026-07-15T01:43:02.730111Z
TSEM,Tower Semiconductor Ltd. Ordinary Shares,NASDAQ,Technology,False,False,28825644943.0,provided,255.49,113031240,6-K,2026-07-14,2026-07-15,2026-04-30,eligible,,Nasdaq(official_nasdaq_api)/SEC/yfinance,2026-07-15T01:43:02.730111Z
AMZN,"Amazon.com, Inc. Common Stock",NASDAQ,Consumer Cyclical,False,True,2662277014316.0,provided,247.49,10757109436,10-Q,2026-04-30,2026-07-15,2026-04-30,ineligible,Already a constituent of Nasdaq-100,Nasdaq(official_nasdaq_api)/SEC/yfinance,2026-07-15T01:43:02.730111Z
DXCM,"DexCom, Inc. Common Stock",NASDAQ,Healthcare,False,True,28600905055.0,provided,74.12,385872977,10-Q,2026-04-30,2026-07-15,2026-04-30,ineligible,Already a constituent of Nasdaq-100,Nasdaq(official_nasdaq_api)/SEC/yfinance,2026-07-15T01:43:02.730111Z
SMCI,"Super Micro Computer, Inc. Common Stock",NASDAQ,Technology,False,False,16629221027.0,provided,27.65,646873027,10-Q,2026-05-11,2026-07-15,2026-05-11,eligible,,Nasdaq(official_nasdaq_api)/SEC/yfinance,2026-07-15T01:43:02.730111Z
HBANM,Huntington Bancshares Incorporated Depositary Shares each representing a 1/1000th interest in a share of Huntington Series I Preferred Stock,NASDAQ,Financial Services,True,False,42000118632.0,provided,20.719,2027130587,10-Q,2026-04-30,2026-07-15,2026-04-30,ineligible,Belongs to Financial sector,Nasdaq(official_nasdaq_api)/SEC/yfinance,2026-07-15T01:43:02.730111Z
LIN,Linde plc Ordinary Shares,NASDAQ,Basic Materials,False,True,241726763109.0,provided,522.54,462347310,10-Q,2026-05-01,2026-07-15,2026-05-01,ineligible,Already a constituent of Nasdaq-100,Nasdaq(official_nasdaq_api)/SEC/yfinance,2026-07-15T01:43:02.730111Z
NTES,"NetEase, Inc. American Depositary Shares",NASDAQ,Communication Services,False,False,81929267401.0,provided,128.39,640250196,6-K,2026-07-07,2026-07-15,2026-04-15,eligible,,Nasdaq(official_nasdaq_api)/SEC/yfinance,2026-07-15T01:43:02.730111Z
CINF,Cincinnati Financial Corporation Common Stock,NASDAQ,Financial Services,True,False,27848254162.0,provided,180.03,154686742,10-Q,2026-04-27,2026-07-15,2026-04-27,ineligible,Belongs to Financial sector,Nasdaq(official_nasdaq_api)/SEC/yfinance,2026-07-15T01:43:02.730111Z
GOOGL,Alphabet Inc. Class A Common Stock,NASDAQ,Communication Services,False,True,4355823160000.0,provided,359.51,5867155790,10-Q,2026-04-30,2026-07-15,2026-04-30,ineligible,Already a constituent of Nasdaq-100,Nasdaq(official_nasdaq_api)/SEC/yfinance,2026-07-15T01:43:02.730111Z
ESLT,Elbit Systems Ltd. Ordinary Shares,NASDAQ,Industrials,False,False,34244527368.0,provided,736.3,46850704,6-K,2026-07-13,2026-07-15,2026-03-17,eligible,,Nasdaq(official_nasdaq_api)/SEC/yfinance,2026-07-15T01:43:02.730111Z
MDLN,Medline Inc. Class A Common Stock,NASDAQ,Healthcare,False,False,50787184420.0,provided,38.66,845606187,10-Q,2026-05-06,2026-07-15,2026-05-06,eligible,,Nasdaq(official_nasdaq_api)/SEC/yfinance,2026-07-15T01:43:02.730111Z
AXON,"Axon Enterprise, Inc. Common Stock",NASDAQ,Industrials,False,True,44110292659.0,provided,547.26,80602077,10-Q,2026-05-07,2026-07-15,2026-05-07,ineligible,Already a constituent of Nasdaq-100,Nasdaq(official_nasdaq_api)/SEC/yfinance,2026-07-15T01:43:02.730111Z
ZS,"Zscaler, Inc. Common Stock",NASDAQ,Technology,False,False,24594401657.0,provided,152.09,161709525,10-Q,2026-05-26,2026-07-15,2026-05-26,eligible,,Nasdaq(official_nasdaq_api)/SEC/yfinance,2026-07-15T01:43:02.730111Z
KHC,The Kraft Heinz Company Common Stock,NASDAQ,Consumer Defensive,False,True,29739303161.0,provided,25.08,1185777638,10-Q,2026-05-06,2026-07-15,2026-05-06,ineligible,Already a constituent of Nasdaq-100,Nasdaq(official_nasdaq_api)/SEC/yfinance,2026-07-15T01:43:02.730111Z
SSNC,"SS&C Technologies Holdings, Inc. Common Stock",NASDAQ,Technology,False,False,16085305465.0,provided,66.79,240834039,10-Q,2026-04-30,2026-07-15,2026-04-30,eligible,,Nasdaq(official_nasdaq_api)/SEC/yfinance,2026-07-15T01:43:02.730111Z
ADP,"Automatic Data Processing, Inc. Common Stock",NASDAQ,Technology,False,True,99227677064.0,provided,246.44,399734282,10-Q,2026-04-30,2026-07-15,2026-04-30,ineligible,Already a constituent of Nasdaq-100,Nasdaq(official_nasdaq_api)/SEC/yfinance,2026-07-15T01:43:02.730111Z
ASTS,"AST SpaceMobile, Inc. Class A Common Stock",NASDAQ,Technology,False,False,26710733045.0,provided,68.82,298746383,10-Q,2026-05-11,2026-07-15,2026-05-11,eligible,,Nasdaq(official_nasdaq_api)/SEC/yfinance,2026-07-15T01:43:02.730111Z
MNST,Monster Beverage Corporation,NASDAQ,Consumer Defensive,False,True,95849684821.0,provided,98.005,978008110,10-Q,2026-05-08,2026-07-15,2026-05-08,ineligible,Already a constituent of Nasdaq-100,Nasdaq(official_nasdaq_api)/SEC/yfinance,2026-07-15T01:43:02.730111Z
FTAI,FTAI Aviation Ltd. Common Stock,NASDAQ,Industrials,False,False,21154660486.0,provided,206.22,102582972,10-Q,2026-05-01,2026-07-15,2026-05-01,eligible,,Nasdaq(official_nasdaq_api)/SEC/yfinance,2026-07-15T01:43:02.730111Z
CCEP,Coca-Cola Europacific Partners plc Ordinary Shares,NASDAQ,Consumer Defensive,False,True,47895146682.0,provided,105.5,442777049,6-K,2026-07-13,2026-07-15,2026-03-13,ineligible,Already a constituent of Nasdaq-100,Nasdaq(official_nasdaq_api)/SEC/yfinance,2026-07-15T01:43:02.730111Z
JBHT,"J.B. Hunt Transport Services, Inc. Common Stock",NASDAQ,Industrials,False,False,26485817147.0,provided,280.87,94299203,10-Q,2026-04-24,2026-07-15,2026-04-24,eligible,,Nasdaq(official_nasdaq_api)/SEC/yfinance,2026-07-15T01:43:02.730111Z
LRCX,Lam Research Corporation Common Stock,NASDAQ,Technology,False,True,432822623100.0,provided,346.1,1250571000,10-Q,2026-04-23,2026-07-15,2026-04-23,ineligible,Already a constituent of Nasdaq-100,Nasdaq(official_nasdaq_api)/SEC/yfinance,2026-07-15T01:43:02.730111Z
CASY,"Casey's General Stores, Inc. Common Stock",NASDAQ,Consumer Cyclical,False,False,31350193092.0,provided,847.19,37004914,10-K,2026-06-22,2026-07-15,2026-06-22,eligible,,Nasdaq(official_nasdaq_api)/SEC/yfinance,2026-07-15T01:43:02.730111Z
MDB,"MongoDB, Inc. Class A Common Stock",NASDAQ,Technology,False,False,27722472279.0,provided,344.67,80431927,10-Q,2026-05-29,2026-07-15,2026-05-29,eligible,,Nasdaq(official_nasdaq_api)/SEC/yfinance,2026-07-15T01:43:02.730111Z
AAPL,Apple Inc. Common Stock,NASDAQ,Technology,False,True,4624460910160.0,provided,314.86,14687356000,10-Q,2026-05-01,2026-07-15,2026-05-01,ineligible,Already a constituent of Nasdaq-100,Nasdaq(official_nasdaq_api)/SEC/yfinance,2026-07-15T01:43:02.730111Z
AMGN,Amgen Inc. Common Stock,NASDAQ,Healthcare,False,True,191731364339.0,provided,355.25,539708274,10-Q,2026-05-01,2026-07-15,2026-05-01,ineligible,Already a constituent of Nasdaq-100,Nasdaq(official_nasdaq_api)/SEC/yfinance,2026-07-15T01:43:02.730111Z
STRL,"Sterling Infrastructure, Inc. Common Stock",NASDAQ,Industrials,False,False,20854788057.0,provided,679.62,30685954,10-Q,2026-05-05,2026-07-15,2026-05-05,eligible,,Nasdaq(official_nasdaq_api)/SEC/yfinance,2026-07-15T01:43:02.730111Z
EQIX,"Equinix, Inc. Common Stock REIT",NASDAQ,Real Estate,False,False,100945862798.0,provided,1023.54,98624248,10-Q,2026-04-29,2026-07-15,2026-04-29,eligible,,Nasdaq(official_nasdaq_api)/SEC/yfinance,2026-07-15T01:43:02.730111Z
AMD,"Advanced Micro Devices, Inc. Common Stock",NASDAQ,Technology,False,True,893781128255.0,provided,548.13,1630600639,10-Q,2026-05-06,2026-07-15,2026-05-06,ineligible,Already a constituent of Nasdaq-100,Nasdaq(official_nasdaq_api)/SEC/yfinance,2026-07-15T01:43:02.730111Z
SNDK,Sandisk Corporation Common Stock,NASDAQ,Technology,False,True,260315138408.0,provided,1757.82,148089758,10-Q,2026-05-01,2026-07-15,2026-05-01,ineligible,Already a constituent of Nasdaq-100,Nasdaq(official_nasdaq_api)/SEC/yfinance,2026-07-15T01:43:02.730111Z
NWS,News Corporation Class B Common Stock,NASDAQ,Communication Services,False,False,17052966574.0,provided,31.15,180975872,10-Q,2026-05-08,2026-07-15,2026-05-08,eligible,,Nasdaq(official_nasdaq_api)/SEC/yfinance,2026-07-15T01:43:02.730111Z
FFIV,"F5, Inc. Common Stock",NASDAQ,Technology,False,False,24331364461.0,provided,431.26,56419247,10-Q,2026-05-05,2026-07-15,2026-05-05,eligible,,Nasdaq(official_nasdaq_api)/SEC/yfinance,2026-07-15T01:43:02.730111Z
SMCIP,"Super Micro Computer, Inc. Depositary Shares representing a 1/20th Interest in a Share of 7% Series A Mandatory Convertible Preferred Stock",NASDAQ,Technology,False,False,29409363770.0,provided,48.9,601418482,10-Q,2026-05-11,2026-07-15,2026-05-11,eligible,,Nasdaq(official_nasdaq_api)/SEC/yfinance,2026-07-15T01:43:02.730111Z
RKLB,Rocket Lab Corporation Common Stock,NASDAQ,Industrials,False,True,45620545705.0,provided,78.81,578867475,10-Q,2026-05-07,2026-07-15,2026-05-07,ineligible,Already a constituent of Nasdaq-100,Nasdaq(official_nasdaq_api)/SEC/yfinance,2026-07-15T01:43:02.730111Z
IBKR,"Interactive Brokers Group, Inc. Class A Common Stock",NASDAQ,Financial Services,True,False,162188381273.0,provided,95.61,445484364,10-Q,2026-05-07,2026-07-15,2011-05-06,ineligible,Belongs to Financial sector,Nasdaq(official_nasdaq_api)/SEC/yfinance,2026-07-15T01:43:02.730111Z
CDNS,"Cadence Design Systems, Inc. Common Stock",NASDAQ,Technology,False,True,103927468800.0,provided,376.8,275816000,10-Q,2026-05-01,2026-07-15,2026-05-01,ineligible,Already a constituent of Nasdaq-100,Nasdaq(official_nasdaq_api)/SEC/yfinance,2026-07-15T01:43:02.730111Z
INIO,INNIO N.V. Ordinary Shares,NASDAQ,Industrials,False,False,23107500000.0,provided,30.81,750000000,4,2026-06-08,2026-07-15,2026-06-08,eligible,,Nasdaq(official_nasdaq_api)/SEC/yfinance,2026-07-15T01:43:02.730111Z
REGN,"Regeneron Pharmaceuticals, Inc. Common Stock",NASDAQ,Healthcare,False,True,68786985676.0,provided,656.12,103021886,10-Q,2026-04-29,2026-07-15,2012-07-25,ineligible,Already a constituent of Nasdaq-100,Nasdaq(official_nasdaq_api)/SEC/yfinance,2026-07-15T01:43:02.730111Z
ISRG,"Intuitive Surgical, Inc. Common Stock",NASDAQ,Healthcare,False,True,134404798539.0,provided,379.5,354162842,10-Q,2026-04-22,2026-07-15,2026-04-22,ineligible,Already a constituent of Nasdaq-100,Nasdaq(official_nasdaq_api)/SEC/yfinance,2026-07-15T01:43:02.730111Z
SBAC,SBA Communications Corporation Class A Common Stock,NASDAQ,Real Estate,False,False,19860299933.0,provided,187.25,106063017,10-Q,2026-05-05,2026-07-15,2026-05-05,eligible,,Nasdaq(official_nasdaq_api)/SEC/yfinance,2026-07-15T01:43:02.730111Z
SPCX,Space Exploration Technologies Corp. Class A Common Stock,NASDAQ,Industrials,False,True,1781403407557.0,provided,136.08,7571396888,8-K,2026-06-26,2026-07-15,2026-06-26,ineligible,Already a constituent of Nasdaq-100,Nasdaq(official_nasdaq_api)/SEC/yfinance,2026-07-15T01:43:02.730111Z
BBIO,"BridgeBio Pharma, Inc. Common Stock",NASDAQ,Healthcare,False,False,16457060661.0,provided,84.09,195861242,10-Q,2026-05-07,2026-07-15,2026-05-07,eligible,,Nasdaq(official_nasdaq_api)/SEC/yfinance,2026-07-15T01:43:02.730111Z
CMCSA,Comcast Corporation Class A Common Stock,NASDAQ,Communication Services,False,True,82876919889.0,provided,23.19,3562784182,10-Q,2026-04-23,2026-07-15,2010-02-23,ineligible,Already a constituent of Nasdaq-100,Nasdaq(official_nasdaq_api)/SEC/yfinance,2026-07-15T01:43:02.730111Z
ASML,ASML Holding N.V. New York Registry Shares,NASDAQ,Technology,False,True,684363022681.0,provided,1775.64,385417665,SD,2026-06-05,2026-07-15,2026-02-25,ineligible,Already a constituent of Nasdaq-100,Nasdaq(official_nasdaq_api)/SEC/yfinance,2026-07-15T01:43:02.730111Z
NBIS,Nebius Group N.V. Class A Ordinary Shares,NASDAQ,Communication Services,False,True,49279100473.0,provided,194.09,220406311,3,2026-07-08,2026-07-15,2026-07-08,ineligible,Already a constituent of Nasdaq-100,Nasdaq(official_nasdaq_api)/SEC/yfinance,2026-07-15T01:43:02.730111Z
AVGO,Broadcom Inc. Common Stock,NASDAQ,Technology,False,True,1851222030844.0,provided,389.11,4757580198,10-Q,2026-06-09,2026-07-15,2026-06-09,ineligible,Already a constituent of Nasdaq-100,Nasdaq(official_nasdaq_api)/SEC/yfinance,2026-07-15T01:43:02.730111Z
ULTA,"Ulta Beauty, Inc. Common Stock",NASDAQ,Consumer Cyclical,False,False,20167145576.0,provided,469.12,42989311,10-Q,2026-06-02,2026-07-15,2026-06-02,eligible,,Nasdaq(official_nasdaq_api)/SEC/yfinance,2026-07-15T01:43:02.730111Z
MRNA,"Moderna, Inc. Common Stock",NASDAQ,Healthcare,False,False,26759265307.0,provided,67.44,396786259,10-Q,2026-05-01,2026-07-15,2026-05-01,eligible,,Nasdaq(official_nasdaq_api)/SEC/yfinance,2026-07-15T01:43:02.730111Z
BPYPP,Brookfield Property Partners L.P. 6.50% Class A Cumulative Redeemable Perpetual Preferred Units,NASDAQ,Real Estate,False,False,18446108001.0,provided,15.8606,1163014514,6-K,2026-06-22,2026-07-15,2026-02-27,eligible,,Nasdaq(official_nasdaq_api)/SEC/yfinance,2026-07-15T01:43:02.730111Z
STRF,Strategy Inc 10.00% Series A Perpetual Strife Preferred Stock,NASDAQ,Technology,False,False,33313574712.0,provided,95.06,350447871,10-Q,2026-05-06,2026-07-15,2026-05-06,eligible,,Nasdaq(official_nasdaq_api)/SEC/yfinance,2026-07-15T01:43:02.730111Z
FISV,"Fiserv, Inc. Common Stock",NASDAQ,,unknown,False,26417402466.0,provided,49.54,533253986,10-Q,2026-05-06,2026-07-15,2026-05-06,unknown,Sector classification unknown,Nasdaq(official_nasdaq_api)/SEC/yfinance,2026-07-15T01:43:02.730111Z
BKNG,Booking Holdings Inc. Common Stock,NASDAQ,Consumer Cyclical,False,True,135487494535.0,provided,174.85,774878436,10-Q,2026-04-28,2026-07-15,2026-04-28,ineligible,Already a constituent of Nasdaq-100,Nasdaq(official_nasdaq_api)/SEC/yfinance,2026-07-15T01:43:02.730111Z
UAL,"United Airlines Holdings, Inc. Common Stock",NASDAQ,Industrials,False,False,39062087115.0,provided,120.35,324569728,10-Q,2026-04-22,2026-07-15,2026-04-22,eligible,,Nasdaq(official_nasdaq_api)/SEC/yfinance,2026-07-15T01:43:02.730111Z
TCOM,Trip.com Group Limited American Depositary Shares,NASDAQ,Consumer Cyclical,False,False,26705798465.0,provided,42.41,629705222,6-K,2026-06-30,2026-07-15,2026-04-28,eligible,,Nasdaq(official_nasdaq_api)/SEC/yfinance,2026-07-15T01:43:02.730111Z
TPG,TPG Inc. Class A Common Stock,NASDAQ,Financial Services,True,False,16583077644.0,provided,43.15,153854054,10-Q,2026-05-01,2026-07-15,2026-05-01,ineligible,Belongs to Financial sector,Nasdaq(official_nasdaq_api)/SEC/yfinance,2026-07-15T01:43:02.730111Z
VOD,Vodafone Group Plc American Depositary Shares,NASDAQ,Communication Services,False,False,36969017039.0,provided,15.56,2302755593,6-K,2026-07-13,2026-07-15,2022-11-09,eligible,,Nasdaq(official_nasdaq_api)/SEC/yfinance,2026-07-15T01:43:02.730111Z
ZM,"Zoom Communications, Inc. Class A Common Stock",NASDAQ,Technology,False,False,26728116671.0,provided,91.15,264645644,10-Q,2026-05-22,2026-07-15,2026-05-22,eligible,,Nasdaq(official_nasdaq_api)/SEC/yfinance,2026-07-15T01:43:02.730111Z
TXN,Texas Instruments Incorporated Common Stock,NASDAQ,Technology,False,True,278078852290.0,provided,305.55,910092791,10-Q,2026-04-24,2026-07-15,2026-04-24,ineligible,Already a constituent of Nasdaq-100,Nasdaq(official_nasdaq_api)/SEC/yfinance,2026-07-15T01:43:02.730111Z
ORLY,"O'Reilly Automotive, Inc. Common Stock",NASDAQ,Consumer Cyclical,False,True,71062318024.0,provided,85.75,828715079,10-Q,2026-05-08,2026-07-15,2026-05-08,ineligible,Already a constituent of Nasdaq-100,Nasdaq(official_nasdaq_api)/SEC/yfinance,2026-07-15T01:43:02.730111Z
TER,"Teradyne, Inc. Common Stock",NASDAQ,Technology,False,True,55295387883.0,provided,353.23,156542162,10-Q,2026-05-01,2026-07-15,2026-05-01,ineligible,Already a constituent of Nasdaq-100,Nasdaq(official_nasdaq_api)/SEC/yfinance,2026-07-15T01:43:02.730111Z
AGNCN,"AGNC Investment Corp. Depositary Shares Each Representing a 1/1,000th Interest in a Share of 7.00% Series C Fixed-To-Floating Rate Cumulative Redeemable Preferred Stock",NASDAQ,Real Estate,False,False,29249237851.0,provided,25.48,477832000,10-Q,2026-05-04,2026-07-15,2026-05-04,eligible,,Nasdaq(official_nasdaq_api)/SEC/yfinance,2026-07-15T01:43:02.730111Z
VRSK,"Verisk Analytics, Inc. Common Stock",NASDAQ,Industrials,False,False,24964901394.0,provided,190.54,131021840,10-Q,2026-04-29,2026-07-15,2026-04-29,eligible,,Nasdaq(official_nasdaq_api)/SEC/yfinance,2026-07-15T01:43:02.730111Z
TW,Tradeweb Markets Inc. Class A Common Stock,NASDAQ,Financial Services,True,False,23326451655.0,provided,98.83,116035961,10-Q,2026-04-29,2026-07-15,2026-04-29,ineligible,Belongs to Financial sector,Nasdaq(official_nasdaq_api)/SEC/yfinance,2026-07-15T01:43:02.730111Z
ADSK,"Autodesk, Inc. Common Stock",NASDAQ,Technology,False,True,43449120000.0,provided,205.92,211145251,10-Q,2026-05-29,2026-07-15,2026-05-29,ineligible,Already a constituent of Nasdaq-100,Nasdaq(official_nasdaq_api)/SEC/yfinance,2026-07-15T01:43:02.730111Z
ALAB,"Astera Labs, Inc. Common Stock",NASDAQ,Technology,False,True,62011964171.0,provided,361.78,171407939,10-Q,2026-05-06,2026-07-15,2026-05-06,ineligible,Already a constituent of Nasdaq-100,Nasdaq(official_nasdaq_api)/SEC/yfinance,2026-07-15T01:43:02.730111Z
SNPS,"Synopsys, Inc. Common Stock",NASDAQ,Technology,False,True,81551044518.0,provided,425.9,191479325,10-Q,2026-05-27,2026-07-15,2026-05-27,ineligible,Already a constituent of Nasdaq-100,Nasdaq(official_nasdaq_api)/SEC/yfinance,2026-07-15T01:43:02.730111Z
BTSGU,"BrightSpring Health Services, Inc. Tangible Equity Unit",NASDAQ,Healthcare,False,False,45558996646.0,provided,230.93,193918398,10-Q,2026-05-01,2026-07-15,2026-05-01,eligible,,Nasdaq(official_nasdaq_api)/SEC/yfinance,2026-07-15T01:43:02.730111Z
CHTR,"Charter Communications, Inc. Class A Common Stock New",NASDAQ,Communication Services,False,False,17777512128.0,provided,127.91,141178369,10-Q,2026-04-24,2026-07-15,2016-08-09,eligible,,Nasdaq(official_nasdaq_api)/SEC/yfinance,2026-07-15T01:43:02.730111Z
EVRG,"Evergy, Inc. Common Stock",NASDAQ,Utilities,False,False,19927851011.0,provided,86.45,230513025,10-Q,2026-05-07,2026-07-15,2026-05-07,eligible,,Nasdaq(official_nasdaq_api)/SEC/yfinance,2026-07-15T01:43:02.730111Z
FANG,"Diamondback Energy, Inc. Common Stock",NASDAQ,Energy,False,True,53643632605.0,provided,190.69,281313297,10-Q,2026-05-06,2026-07-15,2026-05-06,ineligible,Already a constituent of Nasdaq-100,Nasdaq(official_nasdaq_api)/SEC/yfinance,2026-07-15T01:43:02.730111Z
SKHY,SK hynix Inc. American Depositary Shares,NASDAQ,Technology,False,False,34498368000.0,provided,193.92,7098548910,424B4,2026-07-10,2026-07-15,2026-07-10,eligible,,Nasdaq(official_nasdaq_api)/SEC/yfinance,2026-07-15T01:43:02.730111Z
ADBE,Adobe Inc. Common Stock,NASDAQ,Technology,False,True,87760050000.0,provided,220.78,397500000,10-Q,2026-06-15,2026-07-15,2026-06-15,ineligible,Already a constituent of Nasdaq-100,Nasdaq(official_nasdaq_api)/SEC/yfinance,2026-07-15T01:43:02.730111Z
CSCO,"Cisco Systems, Inc. Common Stock (DE)",NASDAQ,Technology,False,True,461502584925.0,provided,117.09,3941434665,10-Q,2026-05-19,2026-07-15,2026-05-19,ineligible,Already a constituent of Nasdaq-100,Nasdaq(official_nasdaq_api)/SEC/yfinance,2026-07-15T01:43:02.730111Z
FOX,Fox Corporation Class B Common Stock,NASDAQ,Communication Services,False,False,20799222593.0,provided,49.5,220426203,10-Q,2026-05-11,2026-07-15,2019-03-18,eligible,,Nasdaq(official_nasdaq_api)/SEC/yfinance,2026-07-15T01:43:02.730111Z
MAR,Marriott International Class A Common Stock,NASDAQ,Consumer Cyclical,False,True,95769070987.0,provided,363.19,263688623,10-Q,2026-05-06,2026-07-15,2026-05-06,ineligible,Already a constituent of Nasdaq-100,Nasdaq(official_nasdaq_api)/SEC/yfinance,2026-07-15T01:43:02.730111Z
SBUX,Starbucks Corporation Common Stock,NASDAQ,Consumer Cyclical,False,True,121001949000.0,provided,106.17,1139700000,10-Q,2026-04-28,2026-07-15,2026-04-28,ineligible,Already a constituent of Nasdaq-100,Nasdaq(official_nasdaq_api)/SEC/yfinance,2026-07-15T01:43:02.730111Z
XEL,Xcel Energy Inc. Common Stock,NASDAQ,Utilities,False,True,50047690625.0,provided,80.17,624269560,10-Q,2026-04-30,2026-07-15,2026-04-30,ineligible,Already a constituent of Nasdaq-100,Nasdaq(official_nasdaq_api)/SEC/yfinance,2026-07-15T01:43:02.730111Z
JD,"JD.com, Inc. American Depositary Shares",NASDAQ,Consumer Cyclical,False,False,39390269911.0,provided,28.84,1350500000,4,2026-07-06,2026-07-15,2026-07-06,eligible,,Nasdaq(official_nasdaq_api)/SEC/yfinance,2026-07-15T01:43:02.730111Z
STRC,Strategy Inc Variable Rate Series A Perpetual Stretch Preferred Stock,NASDAQ,Technology,False,False,30913006789.0,provided,88.21,350447871,10-Q,2026-05-06,2026-07-15,2026-05-06,eligible,,Nasdaq(official_nasdaq_api)/SEC/yfinance,2026-07-15T01:43:02.730111Z
VRTX,Vertex Pharmaceuticals Incorporated Common Stock,NASDAQ,Healthcare,False,True,120890058171.0,provided,476.31,253805417,10-Q,2026-05-05,2026-07-15,2026-05-05,ineligible,Already a constituent of Nasdaq-100,Nasdaq(official_nasdaq_api)/SEC/yfinance,2026-07-15T01:43:02.730111Z
NDAQ,"Nasdaq, Inc. Common Stock",NASDAQ,Financial Services,True,False,49773245632.0,provided,88.01,565540798,10-Q,2026-04-24,2026-07-15,2026-04-24,ineligible,Belongs to Financial sector,Nasdaq(official_nasdaq_api)/SEC/yfinance,2026-07-15T01:43:02.730111Z
UTHR,United Therapeutics Corporation Common Stock,NASDAQ,Healthcare,False,False,22354996402.0,provided,526.66,42446733,10-Q,2026-05-06,2026-07-15,2026-05-06,eligible,,Nasdaq(official_nasdaq_api)/SEC/yfinance,2026-07-15T01:43:02.730111Z
CHRW,"C.H. Robinson Worldwide, Inc. Common Stock",NASDAQ,Industrials,False,False,23528637914.0,provided,199.61,117873042,10-Q,2026-05-01,2026-07-15,2026-05-01,eligible,,Nasdaq(official_nasdaq_api)/SEC/yfinance,2026-07-15T01:43:02.730111Z
CME,CME Group Inc. Class A Common Stock,NASDAQ,Financial Services,True,False,88274360523.0,provided,243.61,361319613,10-Q,2026-04-24,2026-07-15,2010-02-26,ineligible,Belongs to Financial sector,Nasdaq(official_nasdaq_api)/SEC/yfinance,2026-07-15T01:43:02.730111Z
NFLX,"Netflix, Inc. Common Stock",NASDAQ,Communication Services,False,True,309620015764.0,provided,73.53,4210798528,10-Q,2026-04-17,2026-07-15,2026-04-17,ineligible,Already a constituent of Nasdaq-100,Nasdaq(official_nasdaq_api)/SEC/yfinance,2026-07-15T01:43:02.730111Z
CEG,Constellation Energy Corporation Common Stock,NASDAQ,Utilities,False,True,92619967855.0,provided,256.43,357102017,10-Q,2026-05-11,2026-07-15,2026-05-11,ineligible,Already a constituent of Nasdaq-100,Nasdaq(official_nasdaq_api)/SEC/yfinance,2026-07-15T01:43:02.730111Z
ARGX,argenx SE American Depositary Shares,NASDAQ,Healthcare,False,False,53338707834.0,provided,859.43,62187771,6-K,2026-06-23,2026-07-15,2026-03-19,eligible,,Nasdaq(official_nasdaq_api)/SEC/yfinance,2026-07-15T01:43:02.730111Z
BIIB,Biogen Inc. Common Stock,NASDAQ,Healthcare,False,False,28338944608.0,provided,191.95,147637117,10-Q,2026-04-29,2026-07-15,2026-04-29,eligible,,Nasdaq(official_nasdaq_api)/SEC/yfinance,2026-07-15T01:43:02.730111Z
EXC,Exelon Corporation Common Stock,NASDAQ,Utilities,False,True,48008926023.0,provided,46.92,1023208142,10-Q,2026-05-06,2026-07-15,2026-05-06,ineligible,Already a constituent of Nasdaq-100,Nasdaq(official_nasdaq_api)/SEC/yfinance,2026-07-15T01:43:02.730111Z
INSM,Insmed Incorporated Common Stock,NASDAQ,Healthcare,False,False,23866612380.0,provided,110.11,216752451,10-Q,2026-05-07,2026-07-15,2026-05-07,eligible,,Nasdaq(official_nasdaq_api)/SEC/yfinance,2026-07-15T01:43:02.730111Z
AGNCM,AGNC Investment Corp. Depositary Shares rep 6.875% Series D Fixed-to-Floating Cumulative Redeemable Preferred Stock,NASDAQ,Real Estate,False,False,28835983313.0,provided,25.12,477832000,10-Q,2026-05-04,2026-07-15,2026-05-04,eligible,,Nasdaq(official_nasdaq_api)/SEC/yfinance,2026-07-15T01:43:02.730111Z
ALNY,"Alnylam Pharmaceuticals, Inc. Common Stock",NASDAQ,Healthcare,False,True,37551746282.0,provided,281.26,133512573,10-Q,2026-04-30,2026-07-15,2026-02-12,ineligible,Already a constituent of Nasdaq-100,Nasdaq(official_nasdaq_api)/SEC/yfinance,2026-07-15T01:43:02.730111Z
GEN,Gen Digital Inc. Common Stock,NASDAQ,Technology,False,False,16006667501.0,provided,26.57,602433854,10-K,2026-05-21,2026-07-15,2026-05-21,eligible,,Nasdaq(official_nasdaq_api)/SEC/yfinance,2026-07-15T01:43:02.730111Z
MSTR,Strategy Inc Common Stock Class A,NASDAQ,Technology,False,True,34196703350.0,provided,97.58,342947057,10-Q,2026-05-06,2026-07-15,2026-05-06,ineligible,Already a constituent of Nasdaq-100,Nasdaq(official_nasdaq_api)/SEC/yfinance,2026-07-15T01:43:02.730111Z
INTU,Intuit Inc. Common Stock,NASDAQ,Technology,False,True,77255054910.0,provided,282.43,273537000,10-Q,2026-05-20,2026-07-15,2026-05-20,ineligible,Already a constituent of Nasdaq-100,Nasdaq(official_nasdaq_api)/SEC/yfinance,2026-07-15T01:43:02.730111Z
LPLA,LPL Financial Holdings Inc. Common Stock,NASDAQ,Financial Services,True,False,25702492382.0,provided,321.35,79982861,10-Q,2026-05-04,2026-07-15,2026-05-04,ineligible,Belongs to Financial sector,Nasdaq(official_nasdaq_api)/SEC/yfinance,2026-07-15T01:43:02.730111Z
NTRA,"Natera, Inc. Common Stock",NASDAQ,Healthcare,False,False,39049106056.0,provided,272.66,143215382,10-Q,2026-05-08,2026-07-15,2026-05-08,eligible,,Nasdaq(official_nasdaq_api)/SEC/yfinance,2026-07-15T01:43:02.730111Z
PYPL,"PayPal Holdings, Inc. Common Stock",NASDAQ,Financial Services,True,True,41785337203.0,provided,47.37,882105493,10-Q,2026-05-05,2026-07-15,2026-05-05,ineligible,Already a constituent of Nasdaq-100,Nasdaq(official_nasdaq_api)/SEC/yfinance,2026-07-15T01:43:02.730111Z
LAMR,Lamar Advertising Company Class A Common Stock,NASDAQ,Real Estate,False,False,15954930130.0,provided,157.23,87055016,10-Q,2026-05-07,2026-07-15,2026-05-07,eligible,,Nasdaq(official_nasdaq_api)/SEC/yfinance,2026-07-15T01:43:02.730111Z
MU,"Micron Technology, Inc. Common Stock",NASDAQ,Technology,False,True,1110328994611.0,provided,983.12,1129393151,10-Q,2026-06-25,2026-07-15,2026-06-25,ineligible,Already a constituent of Nasdaq-100,Nasdaq(official_nasdaq_api)/SEC/yfinance,2026-07-15T01:43:02.730111Z
TMUS,"T-Mobile US, Inc. Common Stock",NASDAQ,Communication Services,False,True,202512968692.0,provided,187.13,1082204717,10-Q,2026-04-28,2026-07-15,2026-04-28,ineligible,Already a constituent of Nasdaq-100,Nasdaq(official_nasdaq_api)/SEC/yfinance,2026-07-15T01:43:02.730111Z
SYM,Symbotic Inc. Class A Common Stock,NASDAQ,Industrials,False,False,26314179543.0,provided,43.66,127215411,10-Q,2026-05-06,2026-07-15,2026-05-06,eligible,,Nasdaq(official_nasdaq_api)/SEC/yfinance,2026-07-15T01:43:02.730111Z
ENTG,"Entegris, Inc. Common Stock",NASDAQ,Technology,False,False,21446075000.0,provided,140.63,152300000,10-Q,2026-04-30,2026-07-15,2026-04-30,eligible,,Nasdaq(official_nasdaq_api)/SEC/yfinance,2026-07-15T01:43:02.730111Z
ROIV,Roivant Sciences Ltd. Common Shares,NASDAQ,Healthcare,False,False,25109729140.0,provided,34.91,719270385,10-K,2026-05-20,2026-07-15,2026-05-20,eligible,,Nasdaq(official_nasdaq_api)/SEC/yfinance,2026-07-15T01:43:02.730111Z
NXT,Nextpower Inc. Class A Common Stock,NASDAQ,Technology,False,False,15872030715.0,provided,104.66,151653265,10-K,2026-05-19,2026-07-15,2024-02-07,eligible,,Nasdaq(official_nasdaq_api)/SEC/yfinance,2026-07-15T01:43:02.730111Z
KSPI,Joint Stock Company Kaspi.kz American Depository Shares,NASDAQ,Technology,False,False,16886651743.0,provided,89.19,190027266,4,2026-07-14,2026-07-15,2026-03-16,eligible,,Nasdaq(official_nasdaq_api)/SEC/yfinance,2026-07-15T01:43:02.730111Z
KLAC,KLA Corporation Common Stock,NASDAQ,Technology,False,True,300926620128.0,provided,230.37,1306275210,10-Q,2026-04-30,2026-07-15,2026-04-30,ineligible,Already a constituent of Nasdaq-100,Nasdaq(official_nasdaq_api)/SEC/yfinance,2026-07-15T01:43:02.730111Z
EWBC,"East West Bancorp, Inc. Common Stock",NASDAQ,Financial Services,True,False,17975279537.0,provided,131.21,136996262,10-Q,2026-05-08,2026-07-15,2026-05-08,ineligible,Belongs to Financial sector,Nasdaq(official_nasdaq_api)/SEC/yfinance,2026-07-15T01:43:02.730111Z
PEP,"PepsiCo, Inc. Common Stock",NASDAQ,Consumer Defensive,False,True,184874561531.0,provided,135.45,1366000000,10-Q,2026-07-09,2026-07-15,2026-07-09,ineligible,Already a constituent of Nasdaq-100,Nasdaq(official_nasdaq_api)/SEC/yfinance,2026-07-15T01:43:02.730111Z
NTAP,"NetApp, Inc. Common Stock",NASDAQ,Technology,False,False,34197823258.0,provided,174.55,195919927,10-K,2026-06-05,2026-07-15,2026-06-05,eligible,,Nasdaq(official_nasdaq_api)/SEC/yfinance,2026-07-15T01:43:02.730111Z
STX,Seagate Technology Holdings PLC Ordinary Shares (Ireland),NASDAQ,Technology,False,True,196942565964.0,provided,878.31,226252116,10-Q,2026-04-29,2026-07-15,2026-04-29,ineligible,Already a constituent of Nasdaq-100,Nasdaq(official_nasdaq_api)/SEC/yfinance,2026-07-15T01:43:02.730111Z
PCAR,PACCAR Inc. Common Stock,NASDAQ,Industrials,False,True,65227915222.0,provided,123.94,526286229,10-Q,2026-04-29,2026-07-15,2026-04-29,ineligible,Already a constituent of Nasdaq-100,Nasdaq(official_nasdaq_api)/SEC/yfinance,2026-07-15T01:43:02.730111Z
HOOD,"Robinhood Markets, Inc. Class A Common Stock",NASDAQ,Financial Services,True,False,102162298717.0,provided,113.45,791184698,10-Q,2026-04-29,2026-07-15,2026-04-29,ineligible,Belongs to Financial sector,Nasdaq(official_nasdaq_api)/SEC/yfinance,2026-07-15T01:43:02.730111Z
LITE,Lumentum Holdings Inc. Common Stock,NASDAQ,Technology,False,True,63391440000.0,provided,814.8,77800000,10-Q,2026-05-06,2026-07-15,2026-05-06,ineligible,Already a constituent of Nasdaq-100,Nasdaq(official_nasdaq_api)/SEC/yfinance,2026-07-15T01:43:02.730111Z
GILD,"Gilead Sciences, Inc. Common Stock",NASDAQ,Healthcare,False,True,161453746415.0,provided,130.04,1241569874,10-Q,2026-05-07,2026-07-15,2026-05-07,ineligible,Already a constituent of Nasdaq-100,Nasdaq(official_nasdaq_api)/SEC/yfinance,2026-07-15T01:43:02.730111Z
APP,Applovin Corporation Class A Common Stock,NASDAQ,Communication Services,False,True,150830341200.0,provided,448.98,305732000,10-Q,2026-05-06,2026-07-15,2026-05-06,ineligible,Already a constituent of Nasdaq-100,Nasdaq(official_nasdaq_api)/SEC/yfinance,2026-07-15T01:43:02.730111Z
GEHC,GE HealthCare Technologies Inc. Common Stock,NASDAQ,Healthcare,False,True,28048627525.0,provided,61.66,454891786,10-Q,2026-04-29,2026-07-15,2026-04-29,ineligible,Already a constituent of Nasdaq-100,Nasdaq(official_nasdaq_api)/SEC/yfinance,2026-07-15T01:43:02.730111Z
TROW,"T. Rowe Price Group, Inc. Common Stock",NASDAQ,Financial Services,True,False,24869924958.0,provided,116.07,214266606,10-Q,2026-04-30,2026-07-15,2026-04-30,ineligible,Belongs to Financial sector,Nasdaq(official_nasdaq_api)/SEC/yfinance,2026-07-15T01:43:02.730111Z
PDD,PDD Holdings Inc. American Depositary Shares,NASDAQ,Consumer Cyclical,False,True,119437197126.0,provided,83.91,1423396462,4,2026-07-02,2026-07-15,2026-07-02,ineligible,Already a constituent of Nasdaq-100,Nasdaq(official_nasdaq_api)/SEC/yfinance,2026-07-15T01:43:02.730111Z
FSLR,"First Solar, Inc. Common Stock",NASDAQ,Technology,False,False,23702062811.0,provided,220.58,107453363,10-Q,2026-04-30,2026-07-15,2026-04-30,eligible,,Nasdaq(official_nasdaq_api)/SEC/yfinance,2026-07-15T01:43:02.730111Z
AKAM,"Akamai Technologies, Inc. Common Stock",NASDAQ,Technology,False,False,18334559226.0,provided,126.11,145385451,10-Q,2026-05-08,2026-07-15,2026-05-08,eligible,,Nasdaq(official_nasdaq_api)/SEC/yfinance,2026-07-15T01:43:02.730111Z
MTSI,"MACOM Technology Solutions Holdings, Inc. Common Stock",NASDAQ,Technology,False,False,23023012762.0,provided,301.76,76295774,10-Q,2026-05-07,2026-07-15,2026-05-07,eligible,,Nasdaq(official_nasdaq_api)/SEC/yfinance,2026-07-15T01:43:02.730111Z
CPRT,"Copart, Inc. (DE) Common Stock",NASDAQ,Industrials,False,True,25478331985.0,provided,27.52,925811482,10-Q,2026-05-29,2026-07-15,2026-05-29,ineligible,Already a constituent of Nasdaq-100,Nasdaq(official_nasdaq_api)/SEC/yfinance,2026-07-15T01:43:02.730111Z
WBD,"Warner Bros. Discovery, Inc. Series A Common Stock",NASDAQ,Communication Services,False,True,68896116571.0,provided,27.48,2507136702,10-Q,2026-05-06,2026-07-15,2026-05-06,ineligible,Already a constituent of Nasdaq-100,Nasdaq(official_nasdaq_api)/SEC/yfinance,2026-07-15T01:43:02.730111Z
TSLA,"Tesla, Inc. Common Stock",NASDAQ,Consumer Cyclical,False,True,1487942683213.0,provided,396.18,3755723871,10-Q,2026-04-23,2026-07-15,2026-04-30,ineligible,Already a constituent of Nasdaq-100,Nasdaq(official_nasdaq_api)/SEC/yfinance,2026-07-15T01:43:02.730111Z
BIDU,"Baidu, Inc. ADS",NASDAQ,Communication Services,False,False,37335924272.0,provided,109.73,274750119,6-K,2026-07-02,2026-07-15,2026-07-02,eligible,,Nasdaq(official_nasdaq_api)/SEC/yfinance,2026-07-15T01:43:02.730111Z
GFS,GlobalFoundries Inc. Ordinary Shares,NASDAQ,Technology,False,False,35271289858.0,provided,63.39,548700833,4,2026-07-13,2026-07-15,2026-02-27,eligible,,Nasdaq(official_nasdaq_api)/SEC/yfinance,2026-07-15T01:43:02.730111Z
ONC,BeOne Medicines Ltd. American Depositary Shares,NASDAQ,Healthcare,False,False,34081509411.0,provided,306.56,94900812,10-Q,2026-05-06,2026-07-15,2026-05-06,eligible,,Nasdaq(official_nasdaq_api)/SEC/yfinance,2026-07-15T01:43:02.730111Z
EXE,Expand Energy Corporation Common Stock,NASDAQ,Energy,False,False,21006685231.0,provided,87.81,239228849,10-Q,2026-04-28,2026-07-15,2026-04-28,eligible,,Nasdaq(official_nasdaq_api)/SEC/yfinance,2026-07-15T01:43:02.730111Z
RPRX,Royalty Pharma plc Class A Ordinary Shares,NASDAQ,Healthcare,False,False,32056578797.0,provided,55.67,443274104,10-Q,2026-05-06,2026-07-15,2020-11-12,eligible,,Nasdaq(official_nasdaq_api)/SEC/yfinance,2026-07-15T01:43:02.730111Z
HBANL,"Huntington Bancshares Incorporated Depositary Shares, Each Representing a 1/40th Interest in a Share of 6.875% Series J Non-Cumulative Perpetual Preferred Stock",NASDAQ,Financial Services,True,False,50536365534.0,provided,24.93,2027130587,10-Q,2026-04-30,2026-07-15,2026-04-30,ineligible,Belongs to Financial sector,Nasdaq(official_nasdaq_api)/SEC/yfinance,2026-07-15T01:43:02.730111Z
EXPE,"Expedia Group, Inc. Common Stock",NASDAQ,Consumer Cyclical,False,False,31959478664.0,provided,266.28,114498625,10-Q,2026-05-08,2026-07-15,2026-05-08,eligible,,Nasdaq(official_nasdaq_api)/SEC/yfinance,2026-07-15T01:43:02.730111Z
BPYPN,"Brookfield Property Partners L.P. 5.750% Class A Cumulative Redeemable Perpetual Preferred Units, Series 3",NASDAQ,Real Estate,False,False,16165901745.0,provided,13.9,1163014514,6-K,2026-06-22,2026-07-15,2026-02-27,eligible,,Nasdaq(official_nasdaq_api)/SEC/yfinance,2026-07-15T01:43:02.730111Z
META,"Meta Platforms, Inc. Class A Common Stock",NASDAQ,Communication Services,False,True,1677999340876.0,provided,661.04,2196045588,10-Q,2026-04-30,2026-07-15,2026-04-30,ineligible,Already a constituent of Nasdaq-100,Nasdaq(official_nasdaq_api)/SEC/yfinance,2026-07-15T01:43:02.730111Z
BPYPO,"Brookfield Property Partners L.P. 6.375% Class A Cumulative Redeemable Perpetual Preferred Units, Series 2",NASDAQ,Real Estate,False,False,17782491919.0,provided,15.29,1163014513,6-K,2026-06-22,2026-07-15,2026-02-27,eligible,,Nasdaq(official_nasdaq_api)/SEC/yfinance,2026-07-15T01:43:02.730111Z
CSX,CSX Corporation Common Stock,NASDAQ,Industrials,False,True,92758291692.0,provided,49.92,1858138856,10-Q,2026-04-22,2026-07-15,2026-04-22,ineligible,Already a constituent of Nasdaq-100,Nasdaq(official_nasdaq_api)/SEC/yfinance,2026-07-15T01:43:02.730111Z
HBANZ,"Huntington Bancshares Incorporated Depositary Shares, Each Representing a 1/1000th Interest in a Share of 5.50% Series L Non-Cumulative Perpetual Preferred Stock",NASDAQ,Financial Services,True,False,40076371705.0,provided,19.77,2027130587,10-Q,2026-04-30,2026-07-15,2026-04-30,ineligible,Belongs to Financial sector,Nasdaq(official_nasdaq_api)/SEC/yfinance,2026-07-15T01:43:02.730111Z
COST,Costco Wholesale Corporation Common Stock,NASDAQ,Consumer Defensive,False,True,408776587587.0,provided,921.75,443478804,10-Q,2026-06-03,2026-07-15,2026-06-03,ineligible,Already a constituent of Nasdaq-100,Nasdaq(official_nasdaq_api)/SEC/yfinance,2026-07-15T01:43:02.730111Z
RIVN,"Rivian Automotive, Inc. Class A Common Stock",NASDAQ,Consumer Cyclical,False,False,23566686395.0,provided,17.5,1443456073,10-Q,2026-04-30,2026-07-15,2026-04-30,eligible,,Nasdaq(official_nasdaq_api)/SEC/yfinance,2026-07-15T01:43:02.730111Z
WWD,"Woodward, Inc. Common Stock",NASDAQ,Industrials,False,False,23707424563.0,provided,397.89,59582861,10-Q,2026-04-30,2026-07-15,2026-04-30,eligible,,Nasdaq(official_nasdaq_api)/SEC/yfinance,2026-07-15T01:43:02.730111Z
LSCC,Lattice Semiconductor Corporation Common Stock,NASDAQ,Technology,False,False,18346722131.0,provided,133.91,137007857,10-Q,2026-05-04,2026-07-15,2026-05-04,eligible,,Nasdaq(official_nasdaq_api)/SEC/yfinance,2026-07-15T01:43:02.730111Z
GH,"Guardant Health, Inc. Common Stock",NASDAQ,Healthcare,False,False,21230574632.0,provided,160.11,132599929,10-Q,2026-05-07,2026-07-15,2026-05-07,eligible,,Nasdaq(official_nasdaq_api)/SEC/yfinance,2026-07-15T01:43:02.730111Z
ASND,Ascendis Pharma A/S Ordinary Share,NASDAQ,Healthcare,False,False,16459340243.0,provided,265.57,65592830,6-K,2026-06-30,2026-07-15,2026-02-11,eligible,,Nasdaq(official_nasdaq_api)/SEC/yfinance,2026-07-15T01:43:02.730111Z
ABNB,"Airbnb, Inc. Class A Common Stock",NASDAQ,Consumer Cyclical,False,True,88320379416.0,provided,146.54,417930233,10-Q,2026-05-07,2026-07-15,2026-05-07,ineligible,Already a constituent of Nasdaq-100,Nasdaq(official_nasdaq_api)/SEC/yfinance,2026-07-15T01:43:02.730111Z
INCY,Incyte Corp. Common Stock,NASDAQ,Healthcare,False,False,22948170090.0,provided,114.88,199782155,10-Q,2026-04-28,2026-07-15,2026-04-28,eligible,,Nasdaq(official_nasdaq_api)/SEC/yfinance,2026-07-15T01:43:02.730111Z
ILMN,"Illumina, Inc. Common Stock",NASDAQ,Healthcare,False,False,28928560000.0,provided,191.2,151300000,10-Q,2026-05-04,2026-07-15,2026-05-04,eligible,,Nasdaq(official_nasdaq_api)/SEC/yfinance,2026-07-15T01:43:02.730111Z
TRI,Thomson Reuters Corporation Common Shares,NASDAQ,Industrials,False,True,40017488992.0,provided,91.74,436538837,6-K,2026-07-14,2026-07-15,2022-03-10,ineligible,Already a constituent of Nasdaq-100,Nasdaq(official_nasdaq_api)/SEC/yfinance,2026-07-15T01:43:02.730111Z
LNT,Alliant Energy Corporation Common Stock,NASDAQ,Utilities,False,False,19709120693.0,provided,76.31,258277037,10-Q,2026-05-01,2026-07-15,2026-05-01,eligible,,Nasdaq(official_nasdaq_api)/SEC/yfinance,2026-07-15T01:43:02.730111Z
RGLD,"Royal Gold, Inc. Common Stock",NASDAQ,Basic Materials,False,False,16422536153.0,provided,193.51,84866602,10-Q,2026-05-07,2026-07-15,2026-05-07,eligible,,Nasdaq(official_nasdaq_api)/SEC/yfinance,2026-07-15T01:43:02.730111Z
ERIC,Ericsson American Depositary Shares,NASDAQ,Technology,False,False,34185506593.0,provided,10.14,3039992440,6-K,2026-07-14,2026-07-15,2026-07-14,eligible,,Nasdaq(official_nasdaq_api)/SEC/yfinance,2026-07-15T01:43:02.730111Z
PANW,"Palo Alto Networks, Inc. Common Stock",NASDAQ,Technology,False,True,287605350000.0,provided,352.89,815000000,10-Q,2026-06-03,2026-07-15,2026-06-03,ineligible,Already a constituent of Nasdaq-100,Nasdaq(official_nasdaq_api)/SEC/yfinance,2026-07-15T01:43:02.730111Z
QCOM,QUALCOMM Incorporated Common Stock,NASDAQ,Technology,False,True,187717400000.0,provided,178.1,1054000000,10-Q,2026-04-29,2026-07-15,2026-04-29,ineligible,Already a constituent of Nasdaq-100,Nasdaq(official_nasdaq_api)/SEC/yfinance,2026-07-15T01:43:02.730111Z
TEAM,Atlassian Corporation Class A Common Stock,NASDAQ,Technology,False,False,22605641147.0,provided,89.08,159634245,10-Q,2026-05-01,2026-07-15,2026-05-01,eligible,,Nasdaq(official_nasdaq_api)/SEC/yfinance,2026-07-15T01:43:02.730111Z
ARM,Arm Holdings plc American Depositary Shares,NASDAQ,Technology,False,True,299180415205.0,provided,281.17,1068078760,4,2026-06-04,2026-07-15,2026-05-26,ineligible,Already a constituent of Nasdaq-100,Nasdaq(official_nasdaq_api)/SEC/yfinance,2026-07-15T01:43:02.730111Z
BKR,Baker Hughes Company Class A Common Stock,NASDAQ,Energy,False,True,57316768969.0,provided,57.775,992068697,10-Q,2026-04-24,2026-07-15,2026-04-24,ineligible,Already a constituent of Nasdaq-100,Nasdaq(official_nasdaq_api)/SEC/yfinance,2026-07-15T01:43:02.730111Z
STLD,"Steel Dynamics, Inc.",NASDAQ,Basic Materials,False,False,33652052446.0,provided,233.35,144212781,10-Q,2026-04-27,2026-07-15,2026-04-27,eligible,,Nasdaq(official_nasdaq_api)/SEC/yfinance,2026-07-15T01:43:02.730111Z
FAST,Fastenal Company Common Stock,NASDAQ,Industrials,False,True,52511123690.0,provided,45.74,1148035061,10-Q,2026-04-16,2026-07-15,2026-04-16,ineligible,Already a constituent of Nasdaq-100,Nasdaq(official_nasdaq_api)/SEC/yfinance,2026-07-15T01:43:02.730111Z
INTC,Intel Corporation Common Stock,NASDAQ,Technology,False,True,541601760000.0,provided,107.76,5026000000,10-Q,2026-04-24,2026-07-15,2026-04-24,ineligible,Already a constituent of Nasdaq-100,Nasdaq(official_nasdaq_api)/SEC/yfinance,2026-07-15T01:43:02.730111Z
EBAY,eBay Inc. Common Stock,NASDAQ,Consumer Cyclical,False,False,50081558310.0,provided,112.54,444000000,10-Q,2026-04-29,2026-07-15,2026-04-29,eligible,,Nasdaq(official_nasdaq_api)/SEC/yfinance,2026-07-15T01:43:02.730111Z
CTAS,Cintas Corporation Common Stock,NASDAQ,Industrials,False,True,73757231275.0,provided,184.33,400136881,10-Q,2026-04-07,2026-07-15,2026-04-07,ineligible,Already a constituent of Nasdaq-100,Nasdaq(official_nasdaq_api)/SEC/yfinance,2026-07-15T01:43:02.730111Z
PAA,"Plains All American Pipeline, L.P. Common Units representing Limited Partner Interests",NASDAQ,Energy,False,False,16664658352.0,provided,23.62,705531683,10-Q,2026-05-08,2026-07-15,2026-05-08,eligible,,Nasdaq(official_nasdaq_api)/SEC/yfinance,2026-07-15T01:43:02.730111Z
BNTX,BioNTech SE American Depositary Share,NASDAQ,Healthcare,False,False,22719810736.0,provided,90.4,252884261,3,2026-06-26,2026-07-15,2026-04-01,eligible,,Nasdaq(official_nasdaq_api)/SEC/yfinance,2026-07-15T01:43:02.730111Z
GMAB,Genmab A/S ADS,NASDAQ,Healthcare,False,False,18455694618.0,provided,28.73,613935890,6-K,2026-06-29,2026-07-15,2026-06-29,eligible,,Nasdaq(official_nasdaq_api)/SEC/yfinance,2026-07-15T01:43:02.730111Z
MPWR,"Monolithic Power Systems, Inc. Common Stock",NASDAQ,Technology,False,True,67623023300.0,provided,1376.41,49130000,10-Q,2026-05-04,2026-07-15,2026-05-04,ineligible,Already a constituent of Nasdaq-100,Nasdaq(official_nasdaq_api)/SEC/yfinance,2026-07-15T01:43:02.730111Z
OKTA,"Okta, Inc. Class A Common Stock",NASDAQ,Technology,False,False,26874094776.0,provided,154.62,166119894,10-Q,2026-05-29,2026-07-15,2026-05-29,eligible,,Nasdaq(official_nasdaq_api)/SEC/yfinance,2026-07-15T01:43:02.730111Z
RVMD,"Revolution Medicines, Inc. Common Stock",NASDAQ,Healthcare,False,False,39323967576.0,provided,184.97,212596462,10-Q,2026-05-06,2026-07-15,2026-05-06,eligible,,Nasdaq(official_nasdaq_api)/SEC/yfinance,2026-07-15T01:43:02.730111Z
